{
  "type": "minecraft:flat_cache",
  "argument": {
    "type": "minecraft:cache_2d",
    "argument": {
      "type": "minecraft:mul",
      "argument1": {
        "type": "minecraft:blend_alpha"
      },
      "argument2": {
        "type": "minecraft:spline",
        "spline": {
          "coordinate": "minecraft:overworld/continents",
          "points": [
            {
              "derivative": 0.0,
              "location": -0.18,
              "value": 0.0
            },
            {
              "derivative": 0.0,
              "location": 0.33,
              "value": {
                "coordinate": "minecraft:overworld/erosion",
                "points": [
                  {
                    "derivative": 0.0,
                    "location": -1.0,
                    "value": {
                      "coordinate": "minecraft:overworld/ridges_folded",
                      "points": [
                        {
                          "derivative": 0.0,
                          "location": -0.33,
                          "value": 0.0
                        },
                        {
                          "derivative": 0.0,
                          "location": 0.66,
                          "value": 0.33
                        },
                        {
                          "derivative": 0.0,
                          "location": 1.0,
                          "value": 0.44
                        }
                      ]
                    }
                  },
                  {
                    "derivative": 0.0,
                    "location": -0.72,
                    "value": {
                      "coordinate": "minecraft:overworld/ridges_folded",
                      "points": [
                        {
                          "derivative": 0.0,
                          "location": 0.0,
                          "value": 0.0
                        },
                        {
                          "derivative": 0.0,
                          "location": 1.0,
                          "value": 0.33
                        }
                      ]
                    }
                  },
                  {
                    "derivative": 0.0,
                    "location": -0.375,
                    "value": {
                      "coordinate": "minecraft:overworld/ridges_folded",
                      "points": [
                        {
                          "derivative": 0.0,
                          "location": 0.0,
                          "value": 0.0
                        },
                        {
                          "derivative": 0.0,
                          "location": 1.0,
                          "value": 0.22
                        }
                      ]
                    }
                  },
                  {
                    "derivative": 0.0,
                    "location": -0.0,
                    "value": 0.0
                  }
                ]
              }
            }
          ]
        }
      }
    }
  }
}