{
  "type": "minecraft:flat_cache",
  "argument": {
    "type": "minecraft:cache_2d",
    "argument": {
      "type": "minecraft:add",
      "argument1": {
        "type": "minecraft:mul",
        "argument1": {
          "type": "minecraft:blend_offset"
        },
        "argument2": {
          "type": "minecraft:add",
          "argument1": 1.0,
          "argument2": {
            "type": "minecraft:mul",
            "argument1": -1.0,
            "argument2": {
              "type": "minecraft:cache_once",
              "argument": {
                "type": "minecraft:blend_alpha"
              }
            }
          }
        }
      },
      "argument2": {
        "type": "minecraft:mul",
        "argument1": {
          "type": "minecraft:add",
          "argument1": -0.5037500262260437,
          "argument2": {
            "type": "minecraft:spline",
            "spline": {
              "coordinate": "minecraft:overworld/continents",
              "points": [
                {
                  "derivative": 0.0,
                  "location": -1.1,
                  "value": 0.044
                },
                {
                  "derivative": 0.0,
                  "location": -1.02,
                  "value": -0.2222
                },
                {
                  "derivative": 0.0,
                  "location": -0.51,
                  "value": -0.33
                },
                {
                  "derivative": 0.0,
                  "location": -0.44,
                  "value": -0.25
                },
                {
                  "derivative": 0.0,
                  "location": -0.20,
                  "value": -0.14
                },
                {
                  "derivative": 0.0,
                  "location": -0.18,
                  "value": {
                    "coordinate": "minecraft:overworld/ridges_folded",
                    "points": [
                      {
                        "derivative": 0.0,
                        "location": -0.95,
                        "value": -0.07
                      },
                      {
                        "derivative": 0.0,
                        "location": -0.4,
                        "value": -0.01
                      }
                    ]
                  }
                },
                {
                  "derivative": 1.0,
                  "location": -0.08,
                  "value": {
                    "coordinate": "minecraft:overworld/ridges_folded",
                    "points": [
                      {
                        "derivative": 0.0,
                        "location": -0.95,
                        "value": -0.07
                      },
                      {
                        "derivative": 0.0,
                        "location": -0.4,
                        "value": {
                          "coordinate": "minecraft:overworld/erosion",
                          "points": [
                            {
                              "derivative": 0.0,
                              "location": 0.45,
                              "value": 0.03
                            },
                            {
                              "derivative": 0.0,
                              "location": 0.55,
                              "value": -0.05
                            }
                          ]
                        }
                      },
                      {
                        "derivative": 0.0,
                        "location": 0.0,
                        "value": {
                          "coordinate": "minecraft:overworld/erosion",
                          "points": [
                            {
                              "derivative": 0.0,
                              "location": -1.0,
                              "value": 0.44
                            },
                            {
                              "derivative": 0.0,
                              "location": -0.72,
                              "value": 0.34
                            },
                            {
                              "derivative": 0.0,
                              "location": -0.3,
                              "value": 0.12
                            },
                            {
                              "derivative": 0.0,
                              "location": 0.1,
                              "value": 0.04
                            },
                            {
                              "derivative": 0.0,
                              "location": 0.45,
                              "value": 0.0
                            },
                            {
                              "derivative": 0.0,
                              "location": 0.55,
                              "value": -0.03
                            }
                          ]
                        }
                      }
                    ]
                  }
                },
                {
                  "derivative": 0.0,
                  "location": 0.33,
                  "value": {
                    "coordinate": "minecraft:overworld/ridges_folded",
                    "points": [
                      {
                        "derivative": 0.0,
                        "location": -0.95,
                        "value": {
                          "coordinate": "minecraft:overworld/erosion",
                          "points": [
                            {
                              "derivative": 0.0,
                              "location": -1.0,
                              "value": 1.0
                            },
                            {
                              "derivative": 0.0,
                              "location": -0.72,
                              "value": 0.6
                            },
                            {
                              "derivative": 0.0,
                              "location": -0.48,
                              "value": 0.1
                            },
                            {
                              "derivative": 0.0,
                              "location": -0.32,
                              "value": -0.1
                            },
                            {
                              "derivative": 0.0,
                              "location": 0.45,
                              "value": -0.07
                            },
                            {
                              "derivative": 0.0,
                              "location": 0.55,
                              "value": -0.04
                            }
                          ]
                        }
                      },
                      {
                        "derivative": 0.0,
                        "location": -0.4,
                        "value": {
                          "coordinate": "minecraft:overworld/erosion",
                          "points": [
                            {
                              "derivative": 0.0,
                              "location": -1.0,
                              "value": 1.2
                            },
                            {
                              "derivative": 0.0,
                              "location": -0.72,
                              "value": 0.8
                            },
                            {
                              "derivative": 0.0,
                              "location": -0.48,
                              "value": 0.2
                            },
                            {
                              "derivative": 0.0,
                              "location": -0.32,
                              "value": 0.02
                            },
                            {
                              "derivative": 0.0,
                              "location": 0.45,
                              "value": 0.02
                            },
                            {
                              "derivative": 0.0,
                              "location": 0.55,
                              "value": -0.03
                            }
                          ]
                        }
                      },
                      {
                        "derivative": 0.0,
                        "location": -0.0,
                        "value": {
                          "coordinate": "minecraft:overworld/erosion",
                          "points": [
                            {
                              "derivative": 0.0,
                              "location": -1.0,
                              "value": 1.74
                            },
                            {
                              "derivative": 0.0,
                              "location": -0.8,
                              "value": 1.32
                            },
                            {
                              "derivative": 0.0,
                              "location": -0.72,
                              "value": 1.02
                            },
                            {
                              "derivative": 0.0,
                              "location": -0.32,
                              "value": 0.45
                            },
                            {
                              "derivative": 0.0,
                              "location": 0.1,
                              "value": 0.08
                            },
                            {
                              "derivative": 0.0,
                              "location": 0.45,
                              "value": 0.04
                            },
                            {
                              "derivative": 0.0,
                              "location": 0.55,
                              "value": -0.02
                            }
                          ]
                        }
                      }
                    ]
                  }
                },
                {
                  "derivative": 0.0,
                  "location": 1.0,
                  "value": {
                    "coordinate": "minecraft:overworld/ridges_folded",
                    "points": [
                      {
                        "derivative": 0.0,
                        "location": -0.95,
                        "value": {
                          "coordinate": "minecraft:overworld/erosion",
                          "points": [
                            {
                              "derivative": 0.0,
                              "location": -1.0,
                              "value": 1.25
                            },
                            {
                              "derivative": 0.0,
                              "location": -0.72,
                              "value": 1.1
                            },
                            {
                              "derivative": 0.0,
                              "location": -0.48,
                              "value": 0.6
                            },
                            {
                              "derivative": 0.0,
                              "location": -0.32,
                              "value": -0.1
                            },
                            {
                              "derivative": 0.0,
                              "location": 0.45,
                              "value": -0.07
                            },
                            {
                              "derivative": 0.0,
                              "location": 0.55,
                              "value": -0.04
                            }
                          ]
                        }
                      },
                      {
                        "derivative": 0.0,
                        "location": -0.4,
                        "value": {
                          "coordinate": "minecraft:overworld/erosion",
                          "points": [
                            {
                              "derivative": 0.0,
                              "location": -1.0,
                              "value": 1.55
                            },
                            {
                              "derivative": 0.0,
                              "location": -0.3,
                              "value": 0.24
                            },
                            {
                              "derivative": 0.0,
                              "location": 0.1,
                              "value": 0.12
                            },
                            {
                              "derivative": 0.0,
                              "location": 0.45,
                              "value": 0.02
                            },
                            {
                              "derivative": 0.0,
                              "location": 0.55,
                              "value": -0.02
                            }
                          ]
                        }
                      },
                      {
                        "derivative": 0.0,
                        "location": -0.0,
                        "value": {
                          "coordinate": "minecraft:overworld/erosion",
                          "points": [
                            {
                              "derivative": 0.0,
                              "location": -1.0,
                              "value": 2.04
                            },
                            {
                              "derivative": 0.0,
                              "location": -0.8,
                              "value": 1.72
                            },
                            {
                              "derivative": 0.0,
                              "location": -0.72,
                              "value": 1.24
                            },
                            {
                              "derivative": 0.0,
                              "location": -0.32,
                              "value": 0.5
                            },
                            {
                              "derivative": 0.0,
                              "location": 0.1,
                              "value": 0.32
                            },
                            {
                              "derivative": 0.0,
                              "location": 0.45,
                              "value": 0.17
                            },
                            {
                              "derivative": 0.0,
                              "location": 0.55,
                              "value": 0.0
                            }
                          ]
                        }
                      }
                    ]
                  }
                }
              ]
            }
          }
        },
        "argument2": {
          "type": "minecraft:cache_once",
          "argument": {
            "type": "minecraft:blend_alpha"
          }
        }
      }
    }
  }
}