{
  "type": "minecraft:cache_once",
  "argument": {
    "type": "minecraft:add",
    "argument1": {
      "type": "minecraft:mul",
      "argument1": 4.0,
      "argument2": {
        "type": "minecraft:quarter_negative",
        "argument": {
          "type": "minecraft:mul",
          "argument1": {
            "type": "minecraft:add",
            "argument1": "minecraft:overworld/depth",
            "argument2": {
              "type": "minecraft:mul",
              "argument1": "minecraft:overworld/jaggedness",
              "argument2": {
                "type": "minecraft:abs",
                "argument": {
                  "type": "minecraft:noise",
                  "noise": "minecraft:jagged",
                  "xz_scale": 450.0,
                  "y_scale": 0.0
                }
              }
            }
          },
          "argument2": {
            "type": "minecraft:mul",
            "argument1": "minecraft:overworld/factor",
            "argument2": "larion:overworld/factor_factor"
          }
        }
      }
    },
    "argument2": "minecraft:overworld/base_3d_noise"
  }
}