{
  "type": "minecraft:spline",
  "spline": {
    "coordinate": {
      "type": "minecraft:add",
      "argument1": "larion:overworld/continents/shapes",
      "argument2": {
        "type": "minecraft:mul",
        "argument1": -0.12,
        "argument2": {
          "type": "minecraft:noise",
          "noise": "larion:continents/v",
          "xz_scale": 0.3,
          "y_scale": 0
        }
      }
    },
    "points": [
      {
        "location": 0.00,
        "derivative": 10.0,
        "value": -1.0
      },
      {
        "location": 0.18,
        "derivative": 4.0,
        "value": -0.4
      },
      {
        "location": 0.36,
        "derivative": 1.5,
        "value": -0.18
      },
      {
        "location": 0.44,
        "derivative": 3.0,
        "value": -0.10
      },
      {
        "location": 0.45,
        "derivative": 0.30,
        "value": -0.08
      },
      {
        "location": 0.8,
        "derivative": 1.6,
        "value": 0.33
      },
      {
        "location": 1.5,
        "derivative": 0.75,
        "value": 1.0
      }
    ]
  }
}