{
  "type": "minecraft:flat_cache",
  "argument": {
    "type": "minecraft:cache_2d",
    "argument": {
      "type": "minecraft:add",
      "argument1": {
        "type": "minecraft:mul",
        "argument1": {
          "type": "larion:sine",
          "argument": {
            "type": "minecraft:add",
            "argument1": {
              "type": "minecraft:mul",
              "argument1": {
                "type": "larion:z"
              },
              "argument2": 0.07
            },
            "argument2": {
              "type": "minecraft:mul",
              "argument1": {
                "type": "minecraft:noise",
                "noise": "larion:dunes_offset",
                "xz_scale": 0.25,
                "y_scale": 0
              },
              "argument2": 5.0
            }
          }
        },
        "argument2": 0.14
      },
      "argument2": 0.16
    }
  }
}