{
  "type": "minecraft:flat_cache",
  "argument": {
    "type": "minecraft:cache_2d",
    "argument": {
      "type": "minecraft:spline",
      "spline": {
        "coordinate": {
          "type": "minecraft:max",
          "argument1": {
            "type": "minecraft:min",
            "argument1": {
              "type": "minecraft:mul",
              "argument1": {
                "type": "minecraft:square",
                "argument": {
                  "type": "minecraft:noise",
                  "noise": "larion:elden_a",
                  "xz_scale": 0.12,
                  "y_scale": 0
                }
              },
              "argument2": 0.8
            },
            "argument2": {
              "type": "minecraft:mul",
              "argument1": {
                "type": "minecraft:square",
                "argument": {
                  "type": "minecraft:noise",
                  "noise": "larion:elden_b",
                  "xz_scale": 0.12,
                  "y_scale": 0
                }
              },
              "argument2": 0.15
            }
          },
          "argument2": {
            "type": "minecraft:mul",
            "argument1": {
              "type": "minecraft:square",
              "argument": {
                "type": "minecraft:noise",
                "noise": "larion:elden_c",
                "xz_scale": 0.12,
                "y_scale": 0
              }
            },
            "argument2": {
              "type": "minecraft:spline",
              "spline": {
                "coordinate": "minecraft:overworld/erosion",
                "points": [
                  {
                    "derivative": 0.0,
                    "location": -1.0,
                    "value": 0.77
                  },
                  {
                    "derivative": 0.0,
                    "location": -0.38,
                    "value": 0.0
                  }
                ]
              }
            }
          }
        },
        "points": [
          {
            "location": 0,
            "derivative": 0,
            "value": 0
          },
          {
            "location": 0.0075,
            "derivative": 4,
            "value": 0.15
          },
          {
            "location": 0.015,
            "derivative": 0,
            "value": 1
          }
        ]
      }
    }
  }
}