{
  "type": "minecraft:flat_cache",
  "argument": {
    "type": "minecraft:cache_2d",
    "argument": {
      "type": "minecraft:spline",
      "spline": {
        "coordinate": "minecraft:overworld/continents",
        "points": [
          {
            "location": -0.08,
            "derivative": 0.0,
            "value": 0.0
          },
          {
            "location": 0.12,
            "derivative": 0.0,
            "value": {
              "coordinate": "minecraft:overworld/ridges_folded",
              "points": [
                {
                  "location": -0.33,
                  "derivative": 0.0,
                  "value": 0.0
                },
                {
                  "location": 0.88,
                  "derivative": 0.0,
                  "value": {
                    "coordinate": "minecraft:overworld/erosion",
                    "points": [
                      {
                        "location": -1.0,
                        "derivative": 0.0,
                        "value": 1.11
                      },
                      {
                        "location": -0.72,
                        "derivative": 0.0,
                        "value": 0.77
                      },
                      {
                        "location": -0.34,
                        "derivative": 0.0,
                        "value": 0.44
                      },
                      {
                        "location": 0.55,
                        "derivative": 0.0,
                        "value": 0.33
                      }
                    ]
                  }
                }
              ]
            }
          }
        ]
      }
    }
  }
}