{
  "type": "minecraft:flat_cache",
  "argument": {
    "type": "minecraft:cache_2d",
    "argument": {
      "type": "minecraft:spline",
      "spline": {
        "coordinate": "minecraft:overworld/continents",
        "points": [
          {
            "derivative": 0.0,
            "location": -1.0,
            "value": 0.0
          },
          {
            "derivative": 0.0,
            "location": -0.75,
            "value": -0.2
          },
          {
            "derivative": 0.0,
            "location": -0.44,
            "value": -0.1
          },
          {
            "derivative": 0.0,
            "location": -0.2,
            "value": 0.0
          },
          {
            "derivative": 0.0,
            "location": 0.0,
            "value": 0.0
          },
          {
            "derivative": 0.2,
            "location": 1.0,
            "value": 0.1
          }
        ]
      }
    }
  }
}