{
  "type": "minecraft:flat_cache",
  "argument": {
    "type": "minecraft:cache_2d",
    "argument": {
      "type": "minecraft:mul",
      "argument1": {
        "type": "minecraft:cache_once",
        "argument": {
          "type": "minecraft:blend_alpha"
        }
      },
      "argument2": {
        "type": "minecraft:spline",
        "spline": {
          "coordinate": "minecraft:overworld/continents",
          "points": [
            {
              "derivative": 0.0,
              "location": -0.20,
              "value": 1.0
            },
            {
              "derivative": 0.0,
              "location": -0.16,
              "value": {
                "coordinate": "minecraft:overworld/erosion",
                "points": [
                  {
                    "derivative": 0.0,
                    "location": -0.375,
                    "value": 1.0
                  },
                  {
                    "derivative": 0.0,
                    "location": -0.2225,
                    "value": {
                      "coordinate": "minecraft:overworld/ridges_folded",
                      "points": [
                        {
                          "derivative": 0.0,
                          "location": -1.0,
                          "value": 0.0
                        },
                        {
                          "derivative": 0.0,
                          "location": -0.8,
                          "value": 0.0
                        },
                        {
                          "derivative": 3.4,
                          "location": -0.05,
                          "value": 0.9
                        },
                        {
                          "derivative": 0.0,
                          "location": 0.0,
                          "value": 1.0
                        }
                      ]
                    }
                  },
                  {
                    "derivative": 0.0,
                    "location": 0.45,
                    "value": {
                      "coordinate": "minecraft:overworld/ridges_folded",
                      "points": [
                        {
                          "derivative": 0.0,
                          "location": -1.0,
                          "value": 0.0
                        },
                        {
                          "derivative": 0.0,
                          "location": -0.8,
                          "value": 0.0
                        },
                        {
                          "derivative": 3.4,
                          "location": -0.05,
                          "value": 0.9
                        },
                        {
                          "derivative": 0.0,
                          "location": 0.0,
                          "value": 1.0
                        }
                      ]
                    }
                  },
                  {
                    "derivative": 0.0,
                    "location": 0.55,
                    "value": 0.0
                  }
                ]
              }
            }
          ]
        }
      }
    }
  }
}
