{
  "type": "minecraft:flat_cache",
  "argument": {
    "type": "minecraft:cache_2d",
    "argument": {
      "type": "minecraft:spline",
      "spline": {
        "coordinate": "minecraft:overworld/continents",
        "points": [
          {
            "derivative": 0.0,
            "location": -1.15,
            "value": 0.3
          },
          {
            "derivative": 0.0,
            "location": -1.05,
            "value": {
              "coordinate": "minecraft:overworld/factor",
              "points": [
                {
                  "derivative": 0.0,
                  "location": 0.625,
                  "value": 2.5
                },
                {
                  "derivative": 0.0,
                  "location": 3.95,
                  "value": 1.0
                }
              ]
            }
          }
        ]
      }
    }
  }
}
