{
  "type": "minecraft:mul",
  "argument1": {
    "type": "larion:signum",
    "argument": "larion:overworld/ridges/rivers"
  },
  "argument2": {
    "type": "minecraft:min",
    "argument1": {
      "type": "minecraft:spline",
      "spline": {
        "coordinate": "minecraft:overworld/erosion",
        "points": [
          {
            "location": -1.0,
            "derivative": 0.0,
            "value": 1.0
          },
          {
            "location": -0.1,
            "derivative": 0.0,
            "value": {
              "coordinate": {
                "type": "minecraft:abs",
                "argument": "larion:overworld/ridges/rivers"
              },
              "points": [
                {
                  "location": 0.0,
                  "derivative": 0.0,
                  "value": 0.0
                },
                {
                  "location": 0.12,
                  "derivative": 1.0,
                  "value": 0.05
                },
                {
                  "location": 0.24,
                  "derivative": 0.625,
                  "value": 0.10
                },
                {
                  "location": 4.0,
                  "derivative": 0.0,
                  "value": 1.0
                }
              ]
            }
          }
        ]
      }
    },
    "argument2": {
      "type": "minecraft:spline",
      "spline": {
        "coordinate": {
          "type": "minecraft:abs",
          "argument": "larion:overworld/ridges/peaks"
        },
        "points": [
          {
            "location": 0.0,
            "derivative": -0.16,
            "value": 0.66
          },
          {
            "location": 3.0,
            "derivative": -0.1,
            "value": 0.00
          }
        ]
      }
    }
  }
}