{
  "type": "minecraft:flat_cache",
  "argument": {
    "type": "minecraft:cache_2d",
    "argument": {
      "type": "minecraft:spline",
      "spline": {
        "coordinate": "larion:overworld/temperature_sine",
        "points": [
          {
            "location": -1.0,
            "derivative": 4.0,
            "value": -1.0
          },
          {
            "location": -0.95,
            "derivative": 1.4,
            "value": -0.5
          },
          {
            "location": -0.5,
            "derivative": 0.0,
            "value": -0.18
          },
          {
            "location": 0.5,
            "derivative": 0.0,
            "value": 0.18
          },
          {
            "location": 0.95,
            "derivative": 1.4,
            "value": 0.5
          },
          {
            "location": 1.0,
            "derivative": 4.0,
            "value": 1.0
          }
        ]
      }
    }
  }
}
