{
  "type": "minecraft:add",
  "argument1": 1.0,
  "argument2": {
    "type": "minecraft:mul",
    "argument1": -2.0,
    "argument2": {
      "type": "minecraft:mul",
      "argument1": {
        "type": "minecraft:spline",
        "spline": {
          "coordinate": {
            "type": "larion:div",
            "argument1": {
              "type": "minecraft:add",
              "argument1": 128,
              "argument2": "minecraft:y"
            },
            "argument2": "larion:overworld/caves/lava_river_noodle_height"
          },
          "points": [
            {
              "location": 0.0,
              "derivative": 0.0,
              "value": 0.0
            },
            {
              "location": 0.2,
              "derivative": 0.0,
              "value": 2.0
            },
            {
              "location": 0.4,
              "derivative": 0.0,
              "value": 0.75
            },
            {
              "location": 1.0,
              "derivative": 0.0,
              "value": 0.0
            }
          ]
        }
      },
      "argument2": "larion:overworld/caves/lava_rivers"
    }
  }
}
