{
  "type": "minecraft:flat_cache",
  "argument": {
    "type": "minecraft:cache_2d",
  "argument": {
    "type": "minecraft:spline",
    "spline": {
      "coordinate": {
        "type": "minecraft:abs",
        "argument": "larion:overworld/caves/lava_rivers_base"
      },
      "points": [
        {
          "location": -0.1,
          "derivative": -2.0,
          "value": 1.0
        },
        {
          "location": 0.7,
          "derivative": 0.0,
          "value": 0.0
        }
      ]
    }
  }
}
}
