{
  "type": "minecraft:min",
  "argument1": {
    "type": "minecraft:abs",
    "argument": {
      "type": "minecraft:add",
      "argument1": "larion:overworld/caves/lava_rivers_a",
      "argument2": {
        "type": "minecraft:mul",
        "argument1": -1.0,
        "argument2": "larion:overworld/caves/lava_rivers_b"
      }
    }
  },
  "argument2": {
    "type": "minecraft:add",
    "argument1": {
      "type": "minecraft:mul",
      "argument1": -1.0,
      "argument2": "larion:overworld/caves/lava_rivers_c"
    },
    "argument2": {
      "type": "minecraft:max",
      "argument1": "larion:overworld/caves/lava_rivers_a",
      "argument2": "larion:overworld/caves/lava_rivers_b"
    }
  }
}
