{
  "type": "minecraft:flat_cache",
  "argument": {
    "type": "minecraft:cache_2d",
    "argument": {
      "type": "minecraft:add",
      "argument1": {
        "type": "minecraft:add",
        "argument1": {
          "type": "minecraft:square",
          "argument": {
            "type": "minecraft:noise",
            "noise": "larion:erosion/zones_a",
            "xz_scale": 0.35,
            "y_scale": 0.0
          }
        },
        "argument2": {
          "type": "minecraft:square",
          "argument": {
            "type": "minecraft:noise",
            "noise": "larion:erosion/zones_b",
            "xz_scale": 0.35,
            "y_scale": 0.0
          }
        }
      },
      "argument2": {
        "type": "minecraft:add",
        "argument1": {
          "type": "minecraft:square",
          "argument": {
            "type": "minecraft:noise",
            "noise": "larion:erosion/zones_c",
            "xz_scale": 0.35,
            "y_scale": 0.0
          }
        },
        "argument2": {
          "type": "minecraft:square",
          "argument": {
            "type": "minecraft:noise",
            "noise": "larion:erosion/zones_d",
            "xz_scale": 0.35,
            "y_scale": 0.0
          }
        }
      }
    }
  }
}