{
  "type": "minecraft:flat_cache",
  "argument": {
    "type": "minecraft:cache_2d",
    "argument": {
      "type": "minecraft:add",
      "argument1": {
        "type": "minecraft:add",
        "argument1": {
          "type": "minecraft:square",
          "argument": {
            "type": "minecraft:noise",
            "noise": "larion:erosion/ranges_a",
            "xz_scale": 0.3,
            "y_scale": 0.0
          }
        },
        "argument2": {
          "type": "minecraft:square",
          "argument": {
            "type": "minecraft:noise",
            "noise": "larion:erosion/ranges_b",
            "xz_scale": 0.3,
            "y_scale": 0.0
          }
        }
      },
      "argument2": {
        "type": "minecraft:square",
        "argument": {
          "type": "minecraft:noise",
          "noise": "larion:erosion/ranges_c",
          "xz_scale": 0.3,
          "y_scale": 0.0
        }
      }
    }
  }
}