{
  "type": "minecraft:flat_cache",
  "argument": {
    "type": "minecraft:cache_2d",
    "argument": {
      "type": "minecraft:add",
      "argument1": {
        "type": "minecraft:min",
        "argument1": {
          "type": "minecraft:abs",
          "argument": {
            "type": "minecraft:add",
            "argument1": "larion:overworld/ridges/peaks_a",
            "argument2": {
              "type": "minecraft:mul",
              "argument1": -1.0,
              "argument2": "larion:overworld/ridges/peaks_b"
            }
          }
        },
        "argument2": {
          "type": "minecraft:add",
          "argument1": {
            "type": "minecraft:mul",
            "argument1": -1.0,
            "argument2": "larion:overworld/ridges/peaks_c"
          },
          "argument2": {
            "type": "minecraft:max",
            "argument1": "larion:overworld/ridges/peaks_a",
            "argument2": "larion:overworld/ridges/peaks_b"
          }
        }
      },
      "argument2": {
        "type": "minecraft:mul",
        "argument1": 0.33,
        "argument2": {
          "type": "minecraft:abs",
          "argument": {
            "type": "minecraft:noise",
            "noise": "larion:ridges/peaks_v",
            "xz_scale": 0.35,
            "y_scale": 0.0
          }
        }
      }
    }
  }
}
