{
  "type": "minecraft:flat_cache",
  "argument": {
    "type": "minecraft:cache_2d",
    "argument": {
      "type": "minecraft:min",
      "argument1": {
        "type": "minecraft:abs",
        "argument": {
          "type": "minecraft:add",
          "argument1": "larion:overworld/ridges/rivers_a",
          "argument2": {
            "type": "minecraft:mul",
            "argument1": -1.0,
            "argument2": "larion:overworld/ridges/rivers_b"
          }
        }
      },
      "argument2": {
        "type": "minecraft:add",
        "argument1": {
          "type": "minecraft:mul",
          "argument1": -1.0,
          "argument2": "larion:overworld/ridges/rivers_c"
        },
        "argument2": {
          "type": "minecraft:max",
          "argument1": "larion:overworld/ridges/rivers_a",
          "argument2": "larion:overworld/ridges/rivers_b"
        }
      }
    }
  }
}
